Index,Value
0,222
1,79
2,8
3,114
4,236
5,222
6,81
7,8
8,114
9,237
10,222
11,81
12,8
13,113
14,240
15,222
16,81
17,8
18,113
19,240
20,223
21,82
22,8
23,112
24,240
25,223
26,82
27,8
28,111
29,237
30,223
31,82
32,8
33,109
34,237
35,224
36,82
37,8
38,109
39,237
40,224
41,82
42,8
43,109
44,237
45,224
46,82
47,8
48,107
49,235
50,222
51,85
52,8
53,107
54,235
55,222
56,86
57,8
58,107
59,233
60,226
61,82
62,8
63,105
64,234
65,223
66,88
67,8
68,105
69,234
70,223
71,89
72,8
73,105
74,233
75,226
76,85
77,8
78,104
79,233
80,226
81,85
82,8
83,102
84,235
85,224
86,89
87,8
88,102
89,234
90,224
91,89
92,8
93,102
94,234
95,224
96,89
97,8
98,101
99,233
100,227
101,89
102,8
103,101
104,233
105,227
106,89
107,8
108,101
109,233
110,230
111,93
112,7
113,101
114,233
115,230
116,93
117,8
118,98
119,229
120,230
121,64
122,7
123,98
124,228
125,230
126,96
127,7
128,98
129,230
130,230
131,96
132,7
133,98
134,230
135,224
136,98
137,7
138,98
139,229
140,233
141,98
142,7
143,96
144,230
145,233
146,98
147,7
148,64
149,230
150,233
151,98
152,8
153,93
154,230
155,233
156,98
157,8
158,93
159,230
160,233
161,101
162,7
163,93
164,230
165,234
166,98
167,7
168,93
169,227
170,230
171,101
172,7
173,92
174,227
175,230
176,101
177,7
178,91
179,224
180,233
181,102
182,7
183,90
184,226
185,224
186,102
187,7
188,89
189,227
190,224
191,104
192,8
193,89
194,227
195,233
196,105
197,8
198,89
199,227
200,233
201,105
202,8
203,89
204,227
205,233
206,105
207,8
208,86
209,226
210,233
211,105
212,8
213,86
214,226
215,233
216,105
217,8
218,85
219,224
220,235
221,104
222,8
223,85
224,224
225,236
226,107
227,8
228,85
229,224
230,237
231,109
232,8
233,83
234,222
235,237
236,109
237,8
238,82
239,222
240,240
241,109
242,8
243,82
244,220
245,240
246,111
247,8
248,82
249,222
250,240
251,112
252,8
253,81
254,222
255,240
256,113
257,8
258,81
259,222
260,240
261,113
262,8
263,81
264,222
265,240
266,114
267,8
268,79
269,222
270,240
271,114
272,8
273,79
274,222
275,241
276,115
277,8
278,79
279,222
280,241
281,115
282,8
283,79
284,222
285,241
286,115
287,8
288,78
289,222
290,241
291,115
292,8
293,77
294,220
295,241
296,115
297,8
298,77
299,219
300,240
301,119
302,8
303,76
304,219
305,240
306,119
307,8
308,74
309,215
310,241
311,117
312,8
313,73
314,219
315,241
316,121
317,8
318,73
319,218
320,241
321,121
322,8
323,70
324,217
325,241
326,121
327,8
328,70
329,217
330,242
331,119
332,11
333,68
334,215
335,242
336,120
337,11
338,68
339,215
340,242
341,121
342,11
343,64
344,215
345,242
346,121
347,11
348,65
349,215
350,242
351,123
352,11
353,65
354,215
355,242
356,125
357,11
358,65
359,215
360,243
361,125
362,11
363,65
364,215
365,244
366,127
367,11
368,63
369,215
370,244
371,127
372,11
373,63
374,214
375,242
376,125
377,11
378,63
379,212
380,242
381,125
382,11
383,61
384,212
385,242
386,125
387,12
388,63
389,212
390,242
391,128
392,12
393,63
394,212
395,242
396,130
397,11
398,60
399,212
400,243
401,130
402,11
403,60
404,209
405,245
406,133
407,12
408,60
409,209
410,244
411,133
412,12
413,60
414,209
415,245
416,133
417,12
418,60
419,207
420,245
421,133
422,12
423,59
424,203
425,245
426,134
427,12
428,60
429,209
430,245
431,136
432,12
433,60
434,205
435,245
436,138
437,12
438,60
439,205
440,245
441,138
442,12
443,59
444,203
445,245
446,138
447,12
448,59
449,201
450,245
451,139
452,12
453,58
454,201
455,245
456,140
457,13
458,58
459,201
460,245
461,141
462,13
463,56
464,203
465,245
466,141
467,13
468,54
469,203
470,245
471,142
472,13
473,54
474,203
475,245
476,142
477,15
478,54
479,203
480,245
481,142
482,15
483,54
484,203
485,245
486,143
487,15
488,54
489,201
490,245
491,144
492,15
493,53
494,201
495,247
496,145
497,15
498,53
499,201
500,247
501,147
502,15
503,52
504,201
505,247
506,147
507,15
508,52
509,201
510,249
511,147
512,15
513,52
514,201
515,249
516,148
517,15
518,52
519,197
520,249
521,148
522,17
523,50
524,195
525,245
526,148
527,17
528,49
529,196
530,249
531,150
532,17
533,49
534,197
535,249
536,151
537,17
538,46
539,197
540,249
541,151
542,17
543,46
544,197
545,249
546,152
547,17
548,46
549,196
550,249
551,154
552,17
553,47
554,196
555,249
556,154
557,17
558,46
559,195
560,247
561,154
562,17
563,46
564,195
565,249
566,154
567,17
568,46
569,193
570,249
571,154
572,17
573,46
574,193
575,249
576,154
577,17
578,44
579,189
580,249
581,154
582,17
583,44
584,193
585,249
586,154
587,17
588,41
589,191
590,250
591,154
592,17
593,41
594,189
595,249
596,156
597,20
598,39
599,189
600,249
601,158
602,20
603,39
604,188
605,249
606,158
607,20
608,39
609,188
610,249
611,158
612,20
613,41
614,188
615,249
616,158
617,21
618,39
619,188
620,249
621,160
622,21
623,39
624,188
625,250
626,158
627,22
628,39
629,188
630,249
631,164
632,20
633,38
634,186
635,249
636,164
637,21
638,38
639,186
640,249
641,164
642,21
643,38
644,186
645,249
646,164
647,22
648,38
649,186
650,249
651,164
652,22
653,38
654,185
655,250
656,164
657,22
658,38
659,184
660,250
661,164
662,22
663,38
664,184
665,250
666,164
667,22
668,34
669,182
670,249
671,166
672,25
673,34
674,181
675,249
676,169
677,25
678,33
679,182
680,249
681,170
682,25
683,34
684,177
685,250
686,164
687,25
688,32
689,182
690,249
691,169
692,25
693,32
694,181
695,249
696,172
697,27
698,30
699,179
700,249
701,172
702,27
703,30
704,179
705,249
706,172
707,27
708,30
709,178
710,249
711,174
712,28
713,31
714,178
715,249
716,174
717,28
718,31
719,177
720,250
721,170
722,27
723,27
724,174
725,250
726,171
727,27
728,28
729,174
730,250
731,172
732,30
733,30
734,174
735,250
736,172
737,30
738,30
739,174
740,250
741,173
742,30
743,30
744,174
745,250
746,174
747,31
748,30
749,173
750,250
751,174
752,31
753,28
754,172
755,250
756,174
757,31
758,28
759,172
760,250
761,174
762,33
763,27
764,169
765,250
766,175
767,33
768,27
769,166
770,250
771,177
772,33
773,27
774,164
775,250
776,177
777,34
778,25
779,169
780,250
781,178
782,30
783,25
784,166
785,250
786,178
787,31
788,25
789,164
790,250
791,179
792,31
793,25
794,164
795,250
796,179
797,32
798,25
799,164
800,250
801,181
802,34
803,22
804,164
805,250
806,182
807,34
808,21
809,164
810,250
811,182
812,32
813,22
814,164
815,250
816,182
817,32
818,22
819,164
820,249
821,186
822,34
823,22
824,164
825,249
826,186
827,38
828,22
829,164
830,249
831,188
832,38
833,22
834,162
835,249
836,188
837,38
838,22
839,162
840,249
841,188
842,39
843,22
844,160
845,250
846,186
847,38
848,22
849,160
850,250
851,186
852,38
853,21
854,158
855,250
856,186
857,38
858,21
859,158
860,249
861,188
862,41
863,20
864,158
865,249
866,188
867,44
868,19
869,154
870,248
871,191
872,44
873,19
874,154
875,248
876,193
877,44
878,19
879,153
880,249
881,189
882,44
883,19
884,152
885,249
886,189
887,44
888,19
889,151
890,249
891,193
892,44
893,19
894,149
895,249
896,195
897,44
898,19
899,148
900,249
901,195
902,41
903,19
904,148
905,249
906,195
907,44
908,19
909,148
910,249
911,196
912,46
913,19
914,148
915,249
916,196
917,47
918,19
919,147
920,245
921,197
922,48
923,17
924,148
925,249
926,197
927,49
928,17
929,147
930,245
931,197
932,49
933,17
934,147
935,245
936,199
937,49
938,17
939,147
940,245
941,199
942,50
943,15
944,148
945,247
946,201
947,50
948,15
949,147
950,245
951,201
952,52
953,17
954,147
955,245
956,201
957,52
958,15
959,145
960,247
961,201
962,50
963,15
964,145
965,249
966,201
967,52
968,15
969,144
970,249
971,201
972,52
973,15
974,143
975,249
976,203
977,50
978,13
979,142
980,248
981,203
982,52
983,15
984,142
985,248
986,203
987,53
988,15
989,142
990,248
991,203
992,53
993,15
994,142
995,248
996,203
997,54
998,15
999,141
1000,247
1001,205
1002,56
1003,13
1004,140
1005,247
1006,205
1007,58
1008,13
1009,139
1010,245
1011,205
1012,58
1013,12
1014,138
1015,245
1016,206
1017,59
1018,12
1019,138
1020,245
1021,207
1022,59
1023,12
1024,138
1025,245
1026,208
1027,60
1028,12
1029,136
1030,245
1031,209
1032,60
1033,12
1034,134
1035,245
1036,209
1037,60
1038,12
1039,133
1040,245
1041,209
1042,59
1043,12
1044,133
1045,245
1046,209
1047,60
1048,12
1049,132
1050,244
1051,209
1052,60
1053,12
1054,130
1055,241
1056,209
1057,63
1058,12
1059,133
1060,245
1061,212
1062,61
1063,12
1064,130
1065,241
1066,209
1067,63
1068,12
1069,128
1070,245
1071,212
1072,63
1073,12
1074,128
1075,245
1076,212
1077,63
1078,12
1079,127
1080,245
1081,212
1082,63
1083,12
1084,127
1085,244
1086,214
1087,65
1088,12
1089,125
1090,244
1091,215
1092,68
1093,11
1094,125
1095,243
1096,212
1097,65
1098,11
1099,123
1100,241
1101,215
1102,68
1103,11
1104,123
1105,241
1106,215
1107,69
1108,11
1109,121
1110,241
1111,214
1112,68
1113,11
1114,121
1115,242
1116,212
1117,68
1118,11
1119,121
1120,242
1121,212
1122,68
1123,11
1124,120
1125,242
1126,212
1127,69
1128,11
1129,119
1130,242
1131,214
1132,70
1133,11
1134,117
1135,241
1136,215
1137,72
1138,11
1139,115
1140,241
1141,217
1142,72
1143,11
1144,115
1145,241
1146,219
1147,70
1148,8
1149,117
1150,241
1151,215
1152,74
1153,8
1154,115
1155,240
1156,219
1157,72
1158,8
1159,115
1160,240
1161,219
1162,73
1163,8
1164,117
1165,241
1166,218
1167,73
1168,8
1169,115
1170,240
1171,220
1172,77
1173,8
1174,115
1175,240
1176,222
1177,77
1178,8
1179,115
1180,240
1181,222
1182,79
1183,8
1184,115
1185,240
1186,222
1187,79
1188,8
1189,115
1190,237
1191,222
1192,79
1193,8
1194,114
1195,237
1196,222
1197,81
1198,8
1199,114
1200,237
1201,222
1202,81
1203,8
1204,113
1205,240
1206,222
1207,81
1208,8
1209,113
1210,240
1211,223
1212,81
1213,8
1214,112
1215,240
1216,223
1217,82
1218,8
1219,111
1220,237
1221,224
1222,82
1223,8
1224,109
1225,237
1226,224
1227,81
1228,8
1229,109
1230,237
1231,224
1232,82
1233,8
1234,109
1235,237
1236,224
1237,82
1238,8
1239,107
1240,235
1241,222
1242,85
1243,8
1244,107
1245,235
1246,222
1247,86
1248,8
1249,107
1250,233
1251,226
1252,82
1253,8
1254,105
1255,234
1256,223
1257,88
1258,8
1259,105
1260,234
1261,223
1262,89
1263,8
1264,105
1265,233
1266,226
1267,85
1268,8
1269,104
1270,235
1271,224
1272,89
1273,8
1274,102
1275,234
1276,224
1277,89
1278,8
1279,102
1280,234
1281,224
1282,89
1283,8
1284,102
1285,234
1286,224
1287,89
1288,8
1289,101
1290,233
1291,227
1292,89
1293,7
1294,101
1295,233
1296,227
1297,89
1298,8
1299,101
1300,233
1301,230
1302,93
1303,7
1304,101
1305,233
1306,230
1307,93
1308,8
1309,98
1310,229
1311,230
1312,93
1313,8
1314,98
1315,229
1316,229
1317,96
1318,7
1319,98
1320,227
1321,227
1322,92
1323,8
1324,98
1325,230
1326,224
1327,98
1328,7
1329,98
1330,230
1331,233
1332,98
1333,7
1334,96
1335,230
1336,233
1337,98
1338,7
1339,64
1340,230
1341,233
1342,98
1343,8
1344,93
1345,230
1346,233
1347,98
1348,8
1349,93
1350,230
1351,233
1352,98
1353,8
1354,93
1355,230
1356,233
1357,98
1358,8
1359,93
1360,227
1361,230
1362,101
1363,7
1364,92
1365,227
1366,230
1367,101
1368,7
1369,91
1370,224
1371,233
1372,102
1373,7
1374,90
1375,226
1376,224
1377,102
1378,8
1379,89
1380,227
1381,224
1382,102
1383,8
1384,89
1385,227
1386,233
1387,105
1388,8
1389,89
1390,227
1391,233
1392,105
1393,8
1394,89
1395,227
1396,233
1397,105
1398,8
1399,86
1400,226
1401,233
1402,107
1403,8
1404,86
1405,226
1406,233
1407,105
1408,8
1409,86
1410,224
1411,235
1412,104
1413,8
1414,85
1415,224
1416,236
1417,107
1418,8
1419,85
1420,224
1421,236
1422,107
1423,8
1424,83
1425,222
1426,237
1427,109
1428,8
1429,82
1430,222
1431,224
1432,109
1433,8
1434,82
1435,220
1436,240
1437,111
1438,8
1439,82
1440,222
1441,240
1442,112
1443,8
1444,81
1445,222
1446,240
1447,113
1448,8
1449,81
1450,222
1451,240
1452,113
1453,8
1454,81
1455,222
1456,240
1457,114
1458,8
1459,79
1460,222
1461,240
1462,114
1463,8
1464,79
1465,222
1466,241
1467,115
1468,8
1469,79
1470,222
1471,241
1472,115
1473,8
1474,79
1475,222
1476,241
1477,115
1478,8
1479,78
1480,222
1481,241
1482,115
1483,8
1484,77
1485,220
1486,241
1487,115
1488,8
1489,77
1490,220
1491,241
1492,115
1493,8
1494,76
1495,219
1496,240
1497,119
1498,8
1499,74
1500,215
1501,241
1502,117
1503,8
1504,73
1505,219
1506,241
1507,121
1508,8
1509,70
1510,218
1511,241
1512,121
1513,8
1514,70
1515,217
1516,241
1517,121
1518,8
1519,70
1520,217
1521,242
1522,119
1523,8
1524,70
1525,215
1526,242
1527,119
1528,11
1529,68
1530,215
1531,242
1532,121
1533,11
1534,64
1535,215
1536,242
1537,121
1538,11
1539,65
1540,215
1541,242
1542,123
1543,11
1544,65
1545,215
1546,243
1547,123
1548,11
1549,65
1550,215
1551,243
1552,125
1553,11
1554,65
1555,215
1556,244
1557,127
1558,11
1559,63
1560,215
1561,244
1562,127
1563,11
1564,63
1565,214
1566,242
1567,125
1568,11
1569,63
1570,212
1571,242
1572,125
1573,11
1574,61
1575,212
1576,242
1577,125
1578,12
1579,63
1580,212
1581,242
1582,127
1583,12
1584,63
1585,212
1586,242
1587,130
1588,11
1589,60
1590,212
1591,243
1592,130
1593,11
1594,60
1595,209
1596,244
1597,133
1598,12
1599,61
1600,209
1601,244
1602,133
1603,12
1604,60
1605,209
1606,244
1607,133
1608,12
1609,60
1610,207
1611,245
1612,133
1613,12
1614,61
1615,209
1616,245
1617,136
1618,12
1619,60
1620,209
1621,245
1622,136
1623,12
1624,60
1625,205
1626,245
1627,137
1628,12
1629,60
1630,205
1631,245
1632,138
1633,12
1634,59
1635,203
1636,245
1637,138
1638,12
1639,59
1640,201
1641,247
1642,139
1643,12
1644,58
1645,201
1646,245
1647,140
1648,13
1649,58
1650,201
1651,245
1652,141
1653,13
1654,56
1655,205
1656,247
1657,142
1658,13
1659,54
1660,203
1661,245
1662,142
1663,13
1664,54
1665,203
1666,245
1667,142
1668,15
1669,54
1670,203
1671,245
1672,142
1673,15
1674,54
1675,203
1676,245
1677,142
1678,15
1679,54
1680,201
1681,245
1682,144
1683,15
1684,53
1685,201
1686,247
1687,145
1688,15
1689,53
1690,201
1691,247
1692,147
1693,15
1694,52
1695,201
1696,247
1697,147
1698,15
1699,52
1700,201
1701,249
1702,147
1703,15
1704,52
1705,201
1706,249
1707,148
1708,15
1709,52
1710,197
1711,249
1712,148
1713,17
1714,50
1715,195
1716,245
1717,148
1718,17
1719,50
1720,195
1721,248
1722,149
1723,17
1724,49
1725,197
1726,249
1727,151
1728,17
1729,49
1730,197
1731,249
1732,151
1733,17
1734,46
1735,197
1736,249
1737,152
1738,17
1739,46
1740,196
1741,249
1742,153
1743,17
1744,46
1745,196
1746,249
1747,154
1748,17
1749,46
1750,195
1751,247
1752,154
1753,17
1754,46
1755,195
1756,247
1757,154
1758,17
1759,46
1760,193
1761,249
1762,154
1763,17
1764,44
1765,191
1766,249
1767,154
1768,17
1769,44
1770,189
1771,249
1772,155
1773,17
1774,44
1775,189
1776,249
1777,154
1778,17
1779,41
1780,191
1781,249
1782,155
1783,17
1784,41
1785,189
1786,249
1787,155
1788,19
1789,38
1790,189
1791,249
1792,157
1793,20
1794,39
1795,189
1796,249
1797,158
1798,20
1799,39
1800,188
1801,249
1802,158
1803,20
1804,41
1805,188
1806,249
1807,158
1808,21
1809,39
1810,188
1811,249
1812,159
1813,21
1814,39
1815,188
1816,250
1817,158
1818,22
1819,39
1820,188
1821,250
1822,158
1823,22
1824,38
1825,186
1826,249
1827,164
1828,21
1829,38
1830,186
1831,249
1832,164
1833,21
1834,38
1835,186
1836,249
1837,164
1838,22
1839,38
1840,186
1841,249
1842,164
1843,22
1844,38
1845,185
1846,250
1847,164
1848,22
1849,38
1850,184
1851,250
1852,164
1853,22
1854,38
1855,184
1856,250
1857,164
1858,22
1859,34
1860,182
1861,249
1862,166
1863,25
1864,32
1865,182
1866,249
1867,166
1868,25
1869,33
1870,182
1871,249
1872,169
1873,25
1874,33
1875,182
1876,249
1877,168
1878,25
1879,33
1880,182
1881,249
1882,169
1883,25
1884,32
1885,181
1886,249
1887,170
1888,25
1889,31
1890,179
1891,249
1892,172
1893,27
1894,30
1895,179
1896,249
1897,172
1898,27
1899,31
1900,178
1901,249
1902,173
1903,27
1904,30
1905,177
1906,249
1907,172
1908,28
1909,31
1910,177
1911,250
1912,170
1913,27
1914,27
1915,174
1916,250
1917,170
1918,27
1919,27
1920,172
1921,250
1922,172
1923,30
1924,30
1925,174
1926,250
1927,172
1928,30
1929,30
1930,174
1931,250
1932,173
1933,30
1934,30
1935,174
1936,250
1937,174
1938,31
1939,30
1940,173
1941,250
1942,174
1943,31
1944,28
1945,172
1946,250
1947,174
1948,32
1949,28
1950,172
1951,250
1952,174
1953,32
1954,27
1955,169
1956,250
1957,175
1958,33
1959,27
1960,168
1961,250
1962,177
1963,33
1964,27
1965,164
1966,250
1967,177
1968,33
1969,25
1970,166
1971,250
1972,178
1973,30
1974,25
1975,166
1976,250
1977,178
1978,31
1979,25
1980,164
1981,250
1982,179
1983,31
1984,25
1985,164
1986,250
1987,179
1988,32
1989,25
1990,164
1991,250
1992,179
1993,32
1994,25
1995,164
1996,249
1997,184
1998,38
1999,25
2000,164
2001,250
2002,182
2003,32
2004,22
2005,164
2006,250
2007,182
2008,32
2009,22
2010,164
2011,249
2012,186
2013,34
2014,21
2015,164
2016,249
2017,186
2018,38
2019,22
2020,164
2021,249
2022,186
2023,32
2024,21
2025,162
2026,249
2027,188
2028,38
2029,22
2030,162
2031,249
2032,188
2033,39
2034,22
2035,160
2036,250
2037,186
2038,38
2039,22
2040,160
2041,250
2042,186
2043,38
2044,21
2045,158
2046,250
2047,186
2048,38
2049,21
2050,158
2051,250
2052,186
2053,39
2054,20
2055,158
2056,249
2057,188
2058,41
2059,20
2060,154
2061,248
2062,191
2063,44
2064,19
2065,154
2066,248
2067,193
2068,44
2069,19
2070,153
2071,249
2072,189
2073,44
2074,19
2075,152
2076,249
2077,189
2078,44
2079,19
2080,151
2081,249
2082,191
2083,44
2084,19
2085,150
2086,249
2087,195
2088,44
2089,17
2090,152
2091,249
2092,195
2093,41
2094,19
2095,148
2096,249
2097,195
2098,43
2099,17
2100,153
2101,249
2102,196
2103,46
2104,19
2105,147
2106,248
2107,196
2108,47
2109,19
2110,147
2111,245
2112,197
2113,48
2114,17
2115,148
2116,249
2117,197
2118,49
2119,17
2120,148
2121,249
2122,197
2123,49
2124,17
2125,147
2126,245
2127,197
2128,49
2129,17
2130,147
2131,245
2132,199
2133,50
2134,15
2135,148
2136,249
2137,199
2138,50
2139,15
2140,147
2141,245
2142,201
2143,52
2144,17
2145,147
2146,245
2147,201
2148,52
2149,15
2150,147
2151,245
2152,201
2153,50
2154,15
2155,145
2156,245
2157,201
2158,52
2159,15
2160,144
2161,249
2162,201
2163,52
2164,15
2165,143
2166,249
2167,203
2168,50
2169,13
2170,142
2171,248
2172,203
2173,52
2174,15
2175,142
2176,248
2177,203
2178,53
2179,15
2180,142
2181,248
2182,203
2183,53
2184,15
2185,142
2186,247
2187,203
2188,54
2189,15
2190,141
2191,247
2192,205
2193,56
2194,13
2195,140
2196,247
2197,205
2198,58
2199,13
2200,139
2201,245
2202,205
2203,58
2204,12
2205,138
2206,245
2207,206
2208,59
2209,12
2210,138
2211,245
2212,207
2213,59
2214,12
2215,138
2216,245
2217,208
2218,60
2219,12
2220,136
2221,245
2222,209
2223,60
2224,12
2225,134
2226,245
2227,209
2228,60
2229,12
2230,133
2231,245
2232,209
2233,59
2234,12
2235,133
2236,245
2237,209
2238,60
2239,12
2240,133
2241,244
2242,209
2243,60
2244,12
2245,133
2246,245
2247,209
2248,61
2249,12
2250,130
2251,241
2252,209
2253,61
2254,12
2255,130
2256,241
2257,209
2258,62
2259,12
2260,128
2261,245
2262,212
2263,63
2264,12
2265,128
2266,245
2267,212
2268,63
2269,12
2270,127
2271,245
2272,212
2273,63
2274,12
2275,127
2276,244
2277,214
2278,65
2279,12
2280,125
2281,244
2282,215
2283,64
2284,11
2285,125
2286,243
2287,212
2288,65
2289,11
2290,123
2291,241
2292,212
2293,65
2294,11
2295,123
2296,241
2297,215
2298,69
2299,11
2300,121
2301,241
2302,214
2303,68
2304,11
2305,121
2306,242
2307,212
2308,68
2309,11
2310,121
2311,242
2312,212
2313,69
2314,11
2315,121
2316,242
2317,212
2318,69
2319,11
2320,119
2321,242
2322,214
2323,70
2324,11
2325,117
2326,241
2327,215
2328,72
2329,11
2330,117
2331,241
2332,215
2333,73
2334,11
2335,115
2336,241
2337,219
2338,70
2339,8
2340,117
2341,241
2342,215
2343,73
2344,8
2345,117
2346,241
2347,217
2348,74
2349,8
2350,115
2351,240
2352,219
2353,73
2354,8
2355,115
2356,240
2357,220
2358,77
2359,8
2360,115
2361,240
2362,220
2363,77
2364,8
2365,115
2366,240
2367,222
2368,77
2369,8
2370,115
2371,240
2372,222
2373,79
2374,8
2375,115
2376,240
2377,222
2378,79
2379,8
2380,115
2381,237
2382,222
2383,79
2384,8
2385,114
2386,237
2387,222
2388,79
2389,8
2390,114
2391,236
2392,222
2393,81
2394,8
2395,114
2396,237
2397,222
2398,81
2399,8
2400,113
2401,240
2402,223
2403,81
2404,8
2405,112
2406,240
2407,223
2408,82
2409,8
2410,111
2411,237
2412,223
2413,82
2414,8
2415,109
2416,237
2417,224
2418,82
2419,8
2420,109
2421,237
2422,224
2423,82
2424,8
2425,109
2426,237
2427,224
2428,82
2429,8
2430,107
2431,235
2432,222
2433,85
2434,8
2435,107
2436,235
2437,222
2438,86
2439,8
2440,107
2441,233
2442,226
2443,82
2444,8
2445,105
2446,234
2447,223
2448,88
2449,8
2450,105
2451,234
2452,223
2453,89
2454,8
2455,105
2456,233
2457,226
2458,85
2459,8
2460,105
2461,233
2462,226
2463,85
2464,8
2465,102
2466,235
2467,224
2468,89
2469,8
2470,102
2471,234
2472,224
2473,89
2474,8
2475,102
2476,234
2477,224
2478,89
2479,8
2480,101
2481,234
2482,224
2483,89
2484,8
2485,101
2486,233
2487,227
2488,89
2489,7
2490,101
2491,233
2492,227
2493,89
2494,7
2495,101
2496,233
2497,230
2498,93
2499,8
2500,98
2501,230
2502,230
2503,93
2504,7
2505,98
2506,229
2507,229
2508,64
2509,8
2510,98
2511,230
2512,230
2513,96
2514,8
2515,98
2516,230
2517,224
2518,98
2519,7
2520,98
2521,230
2522,233
2523,98
2524,7
2525,96
2526,230
2527,233
2528,98
2529,8
2530,96
2531,230
2532,233
2533,98
2534,8
2535,64
2536,230
2537,233
2538,98
2539,8
2540,93
2541,230
2542,233
2543,101
2544,7
2545,93
2546,230
2547,233
2548,98
2549,8
2550,93
2551,227
2552,230
2553,101
2554,7
2555,92
2556,227
2557,230
2558,101
2559,8
2560,92
2561,227
2562,230
2563,102
2564,7
2565,91
2566,226
2567,230
2568,102
2569,7
2570,89
2571,227
2572,224
2573,102
2574,8
2575,89
2576,227
2577,233
2578,105
2579,8
2580,89
2581,227
2582,233
2583,105
2584,8
2585,89
2586,227
2587,233
2588,105
2589,8
2590,88
2591,226
2592,233
2593,105
2594,8
2595,86
2596,226
2597,233
2598,105
2599,8
2600,86
2601,226
2602,233
2603,105
2604,8
2605,85
2606,224
2607,236
2608,105
2609,8
2610,85
2611,224
2612,236
2613,107
2614,8
2615,83
2616,222
2617,237
2618,109
2619,8
2620,82
2621,222
2622,240
2623,109
2624,8
2625,82
2626,220
2627,240
2628,111
2629,8
2630,82
2631,222
2632,240
2633,112
2634,8
2635,82
2636,222
2637,240
2638,113
2639,8
2640,81
2641,222
2642,240
2643,113
2644,8
2645,81
2646,222
2647,240
2648,114
2649,8
2650,81
2651,222
2652,240
2653,114
2654,8
2655,79
2656,222
2657,241
2658,115
2659,8
2660,79
2661,222
2662,241
2663,115
2664,8
2665,79
2666,222
2667,241
2668,115
2669,8
2670,78
2671,222
2672,241
2673,115
2674,8
2675,77
2676,220
2677,241
2678,115
2679,8
2680,77
2681,220
2682,241
2683,115
2684,8
2685,76
2686,219
2687,240
2688,119
2689,8
2690,74
2691,217
2692,241
2693,117
2694,8
2695,74
2696,215
2697,241
2698,117
2699,8
2700,73
2701,218
2702,241
2703,121
2704,8
2705,70
2706,217
2707,241
2708,121
2709,8
2710,70
2711,217
2712,241
2713,121
2714,11
2715,68
2716,217
2717,242
2718,119
2719,11
2720,68
2721,215
2722,242
2723,121
2724,11
2725,64
2726,215
2727,242
2728,121
2729,11
2730,65
2731,215
2732,242
2733,123
2734,11
2735,65
2736,215
2737,242
2738,123
2739,11
2740,65
2741,215
2742,243
2743,125
2744,11
2745,65
2746,215
2747,244
2748,127
2749,11
2750,65
2751,215
2752,244
2753,127
2754,11
2755,63
2756,214
2757,242
2758,125
2759,11
2760,63
2761,212
2762,242
2763,125
2764,11
2765,62
2766,212
2767,242
2768,125
2769,12
2770,63
2771,212
2772,242
2773,127
2774,12
2775,63
2776,212
2777,243
2778,128
2779,12
2780,63
2781,212
2782,242
2783,130
2784,11
2785,60
2786,209
2787,244
2788,133
2789,12
2790,61
2791,209
2792,244
2793,133
2794,12
2795,60
2796,209
2797,244
2798,133
2799,12
2800,60
2801,207
2802,245
2803,133
2804,12
2805,61
2806,209
2807,245
2808,134
2809,12
2810,60
2811,209
2812,245
2813,136
2814,12
2815,60
2816,205
2817,245
2818,138
2819,12
2820,58
2821,203
2822,245
2823,138
2824,12
2825,59
2826,203
2827,245
2828,138
2829,12
2830,59
2831,203
2832,245
2833,139
2834,12
2835,59
2836,201
2837,245
2838,140
2839,13
2840,58
2841,201
2842,245
2843,141
2844,13
2845,56
2846,205
2847,247
2848,142
2849,13
2850,56
2851,203
2852,245
2853,142
2854,13
2855,54
2856,203
2857,245
2858,142
2859,15
2860,54
2861,203
2862,245
2863,142
2864,15
2865,54
2866,203
2867,245
2868,142
2869,15
2870,54
2871,201
2872,245
2873,144
2874,15
2875,53
2876,201
2877,247
2878,145
2879,15
2880,53
2881,201
2882,247
2883,147
2884,13
2885,53
2886,201
2887,247
2888,147
2889,15
2890,52
2891,201
2892,249
2893,147
2894,15
2895,52
2896,201
2897,249
2898,148
2899,15
2900,52
2901,199
2902,249
2903,148
2904,15
2905,50
2906,195
2907,245
2908,148
2909,17
2910,50
2911,195
2912,248
2913,149
2914,17
2915,49
2916,197
2917,249
2918,151
2919,17
2920,49
2921,197
2922,249
2923,151
2924,17
2925,46
2926,197
2927,249
2928,152
2929,17
2930,46
2931,196
2932,249
2933,153
2934,17
2935,46
2936,196
2937,249
2938,154
2939,17
2940,46
2941,195
2942,249
2943,154
2944,17
2945,46
2946,195
2947,247
2948,154
2949,17
2950,46
2951,195
2952,249
2953,154
2954,17
2955,46
2956,193
2957,249
2958,154
2959,17
2960,44
2961,189
2962,249
2963,155
2964,17
2965,44
2966,189
2967,249
2968,154
2969,17
2970,41
2971,191
2972,249
2973,155
2974,17
2975,41
2976,189
2977,249
2978,155
2979,17
2980,41
2981,189
2982,249
2983,157
2984,20
2985,39
2986,189
2987,249
2988,158
2989,20
2990,39
2991,188
2992,249
2993,158
2994,20
2995,41
2996,188
2997,249
2998,158
2999,20
3000,39
3001,188
3002,250
3003,158
3004,21
3005,39
3006,188
3007,249
3008,160
3009,22
3010,39
3011,188
3012,250
3013,158
3014,22
3015,38
3016,186
3017,249
3018,164
3019,21
3020,38
3021,186
3022,249
3023,164
3024,21
3025,38
3026,186
3027,249
3028,164
3029,22
3030,38
3031,186
3032,249
3033,164
3034,22
3035,38
3036,186
3037,249
3038,164
3039,24
3040,38
3041,184
3042,250
3043,164
3044,22
3045,38
3046,184
3047,250
3048,164
3049,22
3050,38
3051,184
3052,250
3053,164
3054,22
3055,32
3056,182
3057,250
3058,164
3059,25
3060,33
3061,182
3062,249
3063,169
3064,25
3065,33
3066,182
3067,249
3068,170
3069,22
3070,34
3071,177
3072,250
3073,166
3074,27
3075,30
3076,181
3077,249
3078,170
3079,25
3080,33
3081,179
3082,249
3083,172
3084,27
3085,30
3086,179
3087,249
3088,172
3089,27
3090,30
3091,178
3092,249
3093,173
3094,27
3095,30
3096,178
3097,249
3098,174
3099,28
3100,31
3101,177
3102,250
3103,170
3104,27
3105,27
3106,174
3107,250
3108,170
3109,27
3110,27
3111,172
3112,250
3113,172
3114,30
3115,30
3116,174
3117,250
3118,172
3119,30
3120,30
3121,174
3122,250
3123,173
3124,30
3125,30
3126,174
3127,250
3128,174
3129,31
3130,30
3131,173
3132,250
3133,174
3134,31
3135,28
3136,172
3137,250
3138,174
3139,31
3140,28
3141,172
3142,250
3143,174
3144,32
3145,28
3146,171
3147,249
3148,179
3149,30
3150,27
3151,169
3152,250
3153,175
3154,33
3155,27
3156,164
3157,250
3158,177
3159,33
3160,27
3161,164
3162,250
3163,178
3164,30
3165,25
3166,166
3167,250
3168,178
3169,31
3170,25
3171,164
3172,250
3173,179
3174,31
3175,25
3176,164
3177,250
3178,179
3179,31
3180,25
3181,164
3182,250
3183,179
3184,32
3185,25
3186,164
3187,250
3188,181
3189,34
3190,21
3191,164
3192,250
3193,182
3194,32
3195,22
3196,164
3197,250
3198,182
3199,32
3200,22
3201,164
3202,249
3203,186
3204,34
3205,22
3206,164
3207,249
3208,186
3209,38
3210,22
3211,164
3212,249
3213,186
3214,34
3215,20
3216,160
3217,250
3218,184
3219,38
3220,22
3221,162
3222,249
3223,188
3224,39
3225,22
3226,161
3227,250
3228,186
3229,38
3230,22
3231,160
3232,250
3233,186
3234,38
3235,21
3236,158
3237,250
3238,186
3239,38
3240,21
3241,158
3242,249
3243,188
3244,41
3245,20
3246,158
3247,249
3248,188
3249,41
3250,20
3251,154
3252,248
3253,191
3254,44
3255,19
3256,154
3257,248
3258,193
3259,44
3260,19
3261,153
3262,249
3263,189
3264,44
3265,19
3266,152
3267,249
3268,189
3269,44
3270,19
3271,151
3272,249
3273,191
3274,44
3275,19
3276,150
3277,249
3278,193
3279,46
3280,19
3281,149
3282,249
3283,195
3284,41
3285,19
3286,148
3287,249
3288,195
3289,44
3290,17
3291,151
3292,249
3293,196
3294,46
3295,19
3296,148
3297,249
3298,196
3299,47
3300,19
3301,147
3302,245
3303,197
3304,47
3305,17
3306,148
3307,249
3308,197
3309,49
3310,17
3311,148
3312,249
3313,197
3314,49
3315,17
3316,147
3317,245
3318,197
3319,49
3320,17
3321,147
3322,245
3323,199
3324,50
3325,15
3326,148
3327,249
3328,199
3329,50
3330,15
3331,147
3332,245
3333,201
3334,52
3335,15
3336,147
3337,245
3338,201
3339,52
3340,15
3341,147
3342,245
3343,201
3344,50
3345,15
3346,145
3347,247
3348,201
3349,50
3350,15
3351,145
3352,249
3353,201
3354,52
3355,15
3356,143
3357,248
3358,201
3359,52
3360,15
3361,142
3362,248
3363,203
3364,52
3365,15
3366,142
3367,248
3368,203
3369,53
3370,15
3371,142
3372,248
3373,203
3374,53
3375,15
3376,142
3377,248
3378,203
3379,54
3380,15
3381,141
3382,247
3383,205
3384,56
3385,15
3386,141
3387,247
3388,205
3389,56
3390,13
3391,139
3392,245
3393,205
3394,58
3395,12
3396,138
3397,245
3398,206
3399,59
3400,12
3401,138
3402,245
3403,207
3404,59
3405,12
3406,138
3407,245
3408,207
3409,59
3410,12
3411,137
3412,245
3413,209
3414,60
3415,12
3416,136
3417,245
3418,209
3419,60
3420,12
3421,133
3422,245
3423,209
3424,59
3425,12
3426,133
3427,245
3428,209
3429,60
3430,12
3431,133
3432,244
3433,209
3434,60
3435,12
3436,130
3437,241
3438,209
3439,63
3440,12
3441,133
3442,245
3443,212
3444,61
3445,12
3446,130
3447,241
3448,209
3449,61
3450,12
3451,128
3452,245
3453,212
3454,63
3455,12
3456,128
3457,245
3458,212
3459,63
3460,12
3461,127
3462,245
3463,212
3464,63
3465,12
3466,127
3467,244
3468,214
3469,65
3470,12
3471,125
3472,244
3473,214
3474,64
3475,11
3476,125
3477,243
3478,212
3479,65
3480,11
3481,123
3482,241
3483,212
3484,65
3485,11
3486,123
3487,241
3488,215
3489,69
3490,11
3491,121
3492,241
3493,214
3494,68
3495,11
3496,121
3497,242
3498,212
3499,68
3500,11
3501,121
3502,242
3503,212
3504,68
3505,11
3506,121
3507,242
3508,212
3509,69
3510,11
3511,119
3512,242
3513,214
3514,70
3515,11
3516,119
3517,241
3518,215
3519,72
3520,11
3521,117
3522,241
3523,215
3524,72
3525,11
3526,115
3527,241
3528,219
3529,70
3530,8
3531,117
3532,241
3533,215
3534,73
3535,8
3536,117
3537,241
3538,217
3539,74
3540,8
3541,115
3542,240
3543,219
3544,73
3545,8
3546,115
3547,240
3548,220
3549,76
3550,8
3551,117
3552,241
3553,220
3554,77
3555,8
3556,115
3557,240
3558,222
3559,77
3560,8
3561,115
3562,240
3563,222
3564,79
3565,8
3566,115
3567,240
3568,222
3569,79
3570,8
3571,115
3572,237
3573,222
3574,79
3575,8
3576,114
3577,237
3578,222
3579,79
3580,8
3581,114
3582,236
3583,222
3584,81
3585,8
3586,113
3587,240
3588,222
3589,81
3590,8
3591,113
3592,240
3593,223
3594,81
3595,8
3596,112
3597,240
3598,223
3599,82
3600,8
3601,111
3602,224
3603,223
3604,82
3605,8
3606,109
3607,237
3608,224
3609,82
3610,8
3611,109
3612,237
3613,224
3614,82
3615,8
3616,109
3617,237
3618,224
3619,82
3620,8
3621,107
3622,235
3623,222
3624,85
3625,8
3626,107
3627,235
3628,222
3629,86
3630,8
3631,107
3632,233
3633,226
3634,82
3635,8
3636,105
3637,234
3638,223
3639,88
3640,8
3641,105
3642,234
3643,223
3644,89
3645,8
3646,105
3647,233
3648,226
3649,84
3650,8
3651,105
3652,233
3653,226
3654,85
3655,8
3656,104
3657,235
3658,224
3659,89
3660,8
3661,102
3662,234
3663,224
3664,89
3665,8
3666,102
3667,234
3668,224
3669,89
3670,8
3671,101
3672,234
3673,224
3674,89
3675,7
3676,101
3677,233
3678,227
3679,89
3680,8
3681,101
3682,233
3683,230
3684,93
3685,8
3686,101
3687,233
3688,230
3689,93
3690,7
3691,98
3692,229
3693,230
3694,93
3695,8
3696,98
3697,229
3698,229
3699,64
3700,7
3701,98
3702,229
3703,230
3704,96
3705,7
3706,98
3707,230
3708,224
3709,98
3710,7
3711,98
3712,230
3713,224
3714,98
3715,7
3716,96
3717,230
3718,233
3719,98
3720,7
3721,96
3722,230
3723,233
3724,98
3725,8
3726,64
3727,230
3728,233
3729,98
3730,8
3731,93
3732,230
3733,233
3734,101
3735,7
3736,93
3737,230
3738,233
3739,98
3740,8
3741,93
3742,227
3743,230
3744,101
3745,7
3746,92
3747,227
3748,230
3749,101
3750,8
3751,92
3752,227
3753,230
3754,102
3755,7
3756,91
3757,226
3758,230
3759,102
3760,8
3761,89
3762,227
3763,224
3764,102
3765,8
3766,89
3767,227
3768,233
3769,105
3770,8
3771,89
3772,227
3773,233
3774,105
3775,8
3776,89
3777,227
3778,233
3779,105
3780,8
3781,88
3782,226
3783,233
3784,105
3785,8
3786,86
3787,226
3788,233
3789,105
3790,8
3791,86
3792,226
3793,233
3794,105
3795,8
3796,85
3797,224
3798,235
3799,105
3800,8
3801,85
3802,224
3803,236
3804,107
3805,8
3806,83
3807,222
3808,237
3809,109
3810,8
3811,83
3812,222
3813,237
3814,109
3815,8
3816,82
3817,222
3818,240
3819,111
3820,8
3821,82
3822,222
3823,240
3824,112
3825,8
3826,82
3827,222
3828,240
3829,113
3830,8
3831,81
3832,222
3833,240
3834,113
3835,8
3836,81
3837,222
3838,240
3839,114
3840,8
3841,81
3842,222
3843,240
3844,114
3845,8
3846,79
3847,222
3848,240
3849,115
3850,8
3851,79
3852,222
3853,241
3854,115
3855,8
3856,79
3857,222
3858,241
3859,115
3860,8
3861,79
3862,222
3863,241
3864,115
3865,8
3866,77
3867,220
3868,241
3869,116
3870,8
3871,77
3872,220
3873,241
3874,115
3875,8
3876,76
3877,219
3878,240
3879,119
3880,8
3881,74
3882,217
3883,241
3884,117
3885,8
3886,74
3887,215
3888,241
3889,117
3890,8
3891,73
3892,219
3893,241
3894,121
3895,8
3896,70
3897,217
3898,241
3899,120
3900,8
3901,70
3902,217
3903,242
3904,117
3905,8
3906,70
3907,215
3908,242
3909,119
3910,11
3911,68
3912,215
3913,242
3914,121
3915,11
3916,64
3917,215
3918,242
3919,121
3920,11
3921,64
3922,215
3923,242
3924,121
3925,11
3926,65
3927,215
3928,242
3929,123
3930,11
3931,65
3932,215
3933,243
3934,125
3935,11
3936,65
3937,215
3938,243
3939,125
3940,11
3941,63
3942,215
3943,244
3944,127
3945,11
3946,63
3947,214
3948,244
3949,128
3950,11
3951,63
3952,214
3953,242
3954,125
3955,11
3956,63
3957,212
3958,242
3959,125
3960,11
3961,61
3962,212
3963,242
3964,127
3965,12
3966,63
3967,212
3968,242
3969,128
3970,12
3971,63
3972,212
3973,243
3974,130
3975,11
3976,60
3977,209
3978,244
3979,133
3980,12
3981,61
3982,208
3983,244
3984,133
3985,12
3986,60
3987,209
3988,244
3989,133
3990,12
3991,60
3992,207
3993,245
3994,133
3995,12
3996,60
3997,207
3998,245
3999,133
4000,12
4001,60
4002,209
4003,245
4004,136
4005,12
4006,60
4007,209
4008,245
4009,137
4010,12
4011,60
4012,205
4013,245
4014,138
4015,12
4016,59
4017,203
4018,245
4019,138
4020,12
4021,59
4022,203
4023,245
4024,139
4025,12
4026,59
4027,201
4028,245
4029,140
4030,13
4031,58
4032,201
4033,245
4034,141
4035,13
4036,56
4037,205
4038,247
4039,141
4040,13
4041,56
4042,203
4043,245
4044,142
4045,13
4046,54
4047,203
4048,245
4049,142
4050,15
4051,54
4052,203
4053,245
4054,142
4055,15
4056,54
4057,203
4058,245
4059,142
4060,15
4061,54
4062,201
4063,249
4064,144
4065,15
4066,53
4067,201
4068,247
4069,145
4070,15
4071,53
4072,201
4073,247
4074,147
4075,13
4076,53
4077,201
4078,247
4079,147
4080,15
4081,52
4082,201
4083,249
4084,147
4085,15
4086,52
4087,201
4088,249
4089,148
4090,15
4091,52
4092,199
4093,249
4094,148
4095,17
4096,50
4097,195
4098,245
4099,148
4100,17
4101,50
4102,195
4103,248
4104,149
4105,17
4106,49
4107,197
4108,249
4109,150
4110,17
4111,49
4112,197
4113,249
4114,151
4115,17
4116,46
4117,197
4118,249
4119,152
4120,17
4121,46
4122,196
4123,249
4124,153
4125,17
4126,46
4127,196
4128,249
4129,154
4130,17
4131,46
4132,196
4133,249
4134,154
4135,17
4136,46
4137,195
4138,247
4139,154
4140,17
4141,46
4142,195
4143,249
4144,154
4145,17
4146,46
4147,193
4148,249
4149,154
4150,17
4151,44
4152,189
4153,249
4154,155
4155,17
4156,44
4157,189
4158,249
4159,154
4160,17
4161,41
4162,193
4163,249
4164,154
4165,17
4166,41
4167,189
4168,249
4169,155
4170,17
4171,41
4172,189
4173,249
4174,157
4175,20
4176,39
4177,189
4178,249
4179,158
4180,20
4181,39
4182,188
4183,249
4184,158
4185,20
4186,41
4187,188
4188,249
4189,158
4190,20
4191,41
4192,188
4193,249
4194,159
4195,21
4196,39
4197,188
4198,250
4199,158
4200,22
4201,39
4202,188
4203,250
4204,158
4205,22
4206,38
4207,186
4208,249
4209,164
4210,21
4211,38
4212,186
4213,249
4214,164
4215,21
4216,38
4217,186
4218,249
4219,164
4220,22
4221,38
4222,186
4223,249
4224,164
4225,22
4226,38
4227,186
4228,249
4229,164
4230,23
4231,38
4232,184
4233,250
4234,164
4235,22
4236,38
4237,184
4238,250
4239,164
4240,22
4241,38
4242,184
4243,250
4244,164
4245,22
4246,34
4247,181
4248,249
4249,169
4250,25
4251,33
4252,182
4253,249
4254,166
4255,25
4256,33
4257,182
4258,249
4259,166
4260,25
4261,33
4262,182
4263,249
4264,169
4265,25
4266,32
4267,181
4268,249
4269,170
4270,25
4271,33
4272,179
4273,249
4274,172
4275,27
4276,30
4277,179
4278,249
4279,172
4280,27
4281,30
4282,178
4283,249
4284,173
4285,27
4286,30
4287,178
4288,249
4289,174
4290,28
4291,31
4292,177
4293,250
4294,170
4295,27
4296,27
4297,174
4298,250
4299,170
4300,27
4301,27
4302,174
4303,250
4304,172
4305,30
4306,30
4307,174
4308,250
4309,172
4310,30
4311,30
4312,174
4313,250
4314,173
4315,30
4316,30
4317,174
4318,250
4319,174
4320,31
4321,30
4322,174
4323,250
4324,174
4325,31
4326,30
4327,172
4328,250
4329,174
4330,31
4331,28
4332,172
4333,250
4334,174
4335,32
4336,27
4337,169
4338,250
4339,174
4340,33
4341,27
4342,166
4343,250
4344,175
4345,33
4346,27
4347,164
4348,250
4349,177
4350,33
4351,27
4352,164
4353,250
4354,178
4355,30
4356,25
4357,166
4358,250
4359,178
4360,31
4361,25
4362,164
4363,250
4364,179
4365,31
4366,25
4367,164
4368,250
4369,179
4370,31
4371,25
4372,164
4373,250
4374,179
4375,32
4376,25
4377,164
4378,250
4379,181
4380,34
4381,22
4382,164
4383,250
4384,182
4385,32
4386,22
4387,164
4388,250
4389,182
4390,32
4391,22
4392,164
4393,250
4394,182
4395,38
4396,22
4397,164
4398,249
4399,186
4400,38
4401,22
4402,164
4403,249
4404,186
4405,34
4406,20
4407,160
4408,250
4409,184
4410,38
4411,22
4412,162
4413,249
4414,188
4415,38
4416,22
4417,161
4418,250
4419,186
4420,38
4421,22
4422,160
4423,250
4424,186
4425,38
4426,22
4427,159
4428,250
4429,186
4430,38
4431,21
4432,158
4433,249
4434,188
4435,41
4436,20
4437,158
4438,249
4439,188
4440,41
4441,20
4442,154
4443,248
4444,191
4445,44
4446,19
4447,154
4448,248
4449,191
4450,44
4451,19
4452,153
4453,249
4454,189
4455,44
4456,19
4457,152
4458,249
4459,189
4460,44
4461,19
4462,151
4463,249
4464,191
4465,44
4466,19
4467,150
4468,249
4469,193
4470,46
4471,19
4472,149
4473,249
4474,195
4475,44
4476,17
4477,151
4478,249
4479,195
4480,44
4481,19
4482,148
4483,249
4484,196
4485,46
4486,19
4487,148
4488,249
4489,196
4490,47
4491,19
4492,147
4493,245
4494,196
4495,47
4496,17
4497,148
4498,249
4499,197
4500,49
4501,17
4502,148
4503,249
4504,197
4505,49
4506,17
4507,147
4508,245
4509,197
4510,49
4511,17
4512,147
4513,245
4514,199
4515,50
4516,15
4517,148
4518,249
4519,199
4520,50
4521,15
4522,147
4523,245
4524,201
4525,52
4526,17
4527,147
4528,245
4529,201
4530,52
4531,15
4532,147
4533,245
4534,201
4535,50
4536,15
4537,145
4538,247
4539,201
4540,50
4541,15
4542,145
4543,249
4544,201
4545,52
4546,15
4547,144
4548,249
4549,201
4550,52
4551,15
4552,142
4553,248
4554,203
4555,52
4556,15
4557,142
4558,248
4559,203
4560,53
4561,15
4562,142
4563,248
4564,203
4565,53
4566,15
4567,142
4568,248
4569,203
4570,54
4571,15
4572,141
4573,247
4574,205
4575,56
4576,15
4577,141
4578,247
4579,205
4580,56
4581,13
4582,139
4583,245
4584,205
4585,58
4586,12
4587,139
4588,244
4589,206
4590,59
4591,12
4592,138
4593,245
4594,207
4595,59
4596,12
4597,138
4598,245
4599,207
4600,59
4601,12
4602,137
4603,245
4604,209
4605,60
4606,12
4607,136
4608,245
4609,209
4610,60
4611,12
4612,133
4613,245
4614,209
4615,59
4616,12
4617,133
4618,245
4619,209
4620,60
4621,12
4622,133
4623,245
4624,209
4625,60
4626,12
4627,130
4628,242
4629,206
4630,63
4631,12
4632,133
4633,245
4634,208
4635,61
4636,12
4637,130
4638,241
4639,209
4640,61
4641,12
4642,128
4643,245
4644,212
4645,63
4646,12
4647,128
4648,245
4649,212
4650,63
4651,12
4652,127
4653,245
4654,212
4655,63
4656,12
4657,127
4658,244
4659,212
4660,65
4661,12
4662,125
4663,244
4664,214
4665,65
4666,11
4667,125
4668,243
4669,212
4670,65
4671,11
4672,123
4673,241
4674,212
4675,65
4676,11
4677,123
4678,241
4679,215
4680,68
4681,11
4682,121
4683,241
4684,214
4685,68
4686,11
4687,121
4688,241
4689,215
4690,70
4691,11
4692,121
4693,242
4694,212
4695,68
4696,11
4697,121
4698,242
4699,212
4700,69
4701,11
4702,120
4703,242
4704,214
4705,70
4706,8
4707,121
4708,241
4709,215
4710,72
4711,11
4712,117
4713,241
4714,215
4715,72
4716,11
4717,115
4718,241
4719,218
4720,70
4721,10
4722,115
4723,241
4724,219
4725,70
4726,8
4727,117
4728,241
4729,217
4730,74
4731,8
4732,115
4733,240
4734,219
4735,73
4736,8
4737,117
4738,241
4739,218
4740,73
4741,8
4742,117
4743,241
4744,220
4745,77
4746,8
4747,115
4748,240
4749,222
4750,77
4751,8
4752,115
4753,240
4754,222
4755,79
4756,8
4757,115
4758,240
4759,222
4760,79
4761,8
4762,115
4763,237
4764,222
4765,79
4766,8
4767,114
4768,237
4769,222
4770,79
4771,8
4772,114
4773,236
4774,222
4775,81
4776,8
4777,114
4778,237
4779,222
4780,81
4781,8
4782,113
4783,240
4784,223
4785,81
4786,8
4787,112
4788,240
4789,223
4790,82
4791,8
4792,112
4793,224
4794,223
4795,82
4796,8
4797,109
4798,237
4799,224
4800,82
4801,8
4802,109
4803,237
4804,224
4805,82
4806,8
4807,109
4808,237
4809,224
4810,82
4811,8
4812,107
4813,235
4814,222
4815,85
4816,8
4817,107
4818,235
4819,222
4820,85
4821,8
4822,107
4823,233
4824,226
4825,82
4826,8
4827,107
4828,233
4829,227
4830,82
4831,8
4832,105
4833,234
4834,223
4835,89
4836,8
4837,105
4838,233
4839,224
4840,86
4841,8
4842,105
4843,233
4844,226
4845,85
4846,8
4847,104
4848,235
4849,224
4850,89
4851,8
4852,102
4853,234
4854,224
4855,89
4856,8
4857,102
4858,234
4859,224
4860,89
4861,8
4862,101
4863,234
4864,224
4865,89
4866,8
4867,101
4868,233
4869,227
4870,89
4871,7
4872,101
4873,233
4874,227
4875,89
4876,8
4877,101
4878,233
4879,230
4880,93
4881,8
4882,100
4883,233
4884,230
4885,93
4886,8
4887,98
4888,229
4889,230
4890,64
4891,7
4892,98
4893,229
4894,230
4895,96
4896,7
4897,98
4898,230
4899,224
4900,96
4901,7
4902,98
4903,230
4904,224
4905,98
4906,7
4907,96
4908,230
4909,233
4910,98
4911,7
4912,96
4913,230
4914,233
4915,98
4916,8
4917,64
4918,230
4919,233
4920,98
4921,8
4922,93
4923,230
4924,233
4925,101
4926,7
4927,93
4928,230
4929,233
4930,98
4931,8
4932,93
4933,229
4934,233
4935,98
4936,8
4937,92
4938,227
4939,230
4940,101
4941,7
4942,92
4943,227
4944,230
4945,102
4946,7
4947,91
4948,226
4949,230
4950,102
4951,7
4952,89
4953,227
4954,224
4955,102
4956,8
4957,89
4958,227
4959,224
4960,104
4961,8
4962,89
4963,227
4964,233
4965,105
4966,8
4967,89
4968,227
4969,233
4970,105
4971,8
4972,89
4973,227
4974,233
4975,105
4976,8
4977,86
4978,226
4979,233
4980,107
4981,8
4982,86
4983,226
4984,233
4985,105
4986,8
4987,85
4988,224
4989,235
4990,105
4991,8
4992,85
4993,224
4994,235
4995,105
4996,8
4997,84
4998,224
4999,237
5000,109
5001,8
5002,83
5003,222
5004,237
5005,109
5006,8
5007,82
5008,222
5009,240
5010,111
5011,8
5012,82
5013,222
5014,240
5015,112
5016,8
5017,82
5018,222
5019,240
5020,113
5021,8
5022,81
5023,222
5024,240
5025,113
5026,8
5027,81
5028,222
5029,240
5030,114
5031,8
5032,81
5033,222
5034,240
5035,114
5036,8
5037,79
5038,222
5039,240
5040,114
5041,8
5042,79
5043,222
5044,241
5045,115
5046,8
5047,79
5048,222
5049,241
5050,115
5051,8
5052,79
5053,222
5054,241
5055,115
5056,8
5057,77
5058,220
5059,241
5060,115
5061,8
5062,77
5063,220
5064,241
5065,115
5066,8
5067,76
5068,219
5069,240
5070,119
5071,8
5072,74
5073,217
5074,241
5075,115
5076,8
5077,74
5078,215
5079,241
5080,117
5081,8
5082,73
5083,219
5084,241
5085,121
5086,8
5087,73
5088,218
5089,241
5090,120
5091,8
5092,70
5093,217
5094,241
5095,121
5096,8
5097,70
5098,217
5099,242
5100,119
5101,8
5102,70
5103,215
5104,242
5105,121
5106,11
5107,68
5108,215
5109,242
5110,121
5111,11
5112,64
5113,215
5114,242
5115,121
5116,11
5117,65
5118,215
5119,242
5120,123
5121,11
5122,65
5123,215
5124,243
5125,125
5126,11
5127,65
5128,215
5129,243
5130,125
5131,11
5132,65
5133,215
5134,244
5135,127
5136,11
5137,63
5138,214
5139,244
5140,128
5141,11
5142,63
5143,214
5144,242
5145,125
5146,11
5147,63
5148,212
5149,242
5150,125
5151,12
5152,63
5153,212
5154,242
5155,125
5156,12
5157,63
5158,212
5159,242
5160,128
5161,12
5162,63
5163,212
5164,242
5165,130
5166,11
5167,60
5168,209
5169,244
5170,133
5171,12
5172,61
5173,208
5174,244
5175,133
5176,12
5177,60
5178,209
5179,244
5180,133
5181,12
5182,60
5183,209
5184,245
5185,133
5186,12
5187,60
5188,207
5189,245
5190,133
5191,12
5192,61
5193,209
5194,245
5195,136
5196,12
5197,60
5198,209
5199,245
5200,137
5201,12
5202,60
5203,205
5204,245
5205,138
5206,12
5207,59
5208,203
5209,245
5210,138
5211,12
5212,59
5213,203
5214,245
5215,139
5216,12
5217,59
5218,201
5219,245
5220,140
5221,13
5222,58
5223,201
5224,245
5225,140
5226,13
5227,58
5228,203
5229,245
5230,141
5231,13
5232,56
5233,203
5234,245
5235,142
5236,13
5237,54
5238,203
5239,245
5240,142
5241,15
5242,54
5243,203
5244,245
5245,142
5246,15
5247,54
5248,203
5249,245
5250,142
5251,15
5252,54
5253,203
5254,245
5255,144
5256,15
5257,53
5258,201
5259,247
5260,145
5261,15
5262,53
5263,201
5264,247
5265,145
5266,15
5267,53
5268,201
5269,247
5270,147
5271,15
5272,52
5273,201
5274,247
5275,147
5276,15
5277,52
5278,201
5279,249
5280,148
5281,15
5282,52
5283,201
5284,249
5285,148
5286,15
5287,50
5288,195
5289,245
5290,148
5291,17
5292,50
5293,195
5294,245
5295,148
5296,17
5297,49
5298,197
5299,249
5300,150
5301,17
5302,49
5303,197
5304,249
5305,151
5306,17
5307,46
5308,197
5309,249
5310,152
5311,17
5312,46
5313,196
5314,249
5315,153
5316,17
5317,46
5318,196
5319,249
5320,154
5321,17
5322,46
5323,196
5324,249
5325,154
5326,17
5327,46
5328,195
5329,247
5330,154
5331,17
5332,46
5333,195
5334,249
5335,154
5336,17
5337,46
5338,193
5339,249
5340,154
5341,17
5342,44
5343,189
5344,249
5345,154
5346,17
5347,44
5348,189
5349,249
5350,154
5351,17
5352,41
5353,193
5354,249
5355,154
5356,17
5357,41
5358,191
5359,249
5360,155
5361,17
5362,41
5363,189
5364,249
5365,157
5366,20
5367,39
5368,189
5369,249
5370,158
5371,20
5372,39
5373,188
5374,249
5375,158
5376,20
5377,39
5378,188
5379,249
5380,158
5381,20
5382,39
5383,188
5384,249
5385,159
5386,21
5387,39
5388,188
5389,250
5390,158
5391,21
5392,39
5393,188
5394,250
5395,158
5396,22
5397,38
5398,186
5399,249
5400,164
5401,21
5402,38
5403,186
5404,249
5405,164
5406,21
5407,38
5408,186
5409,249
5410,164
5411,22
5412,38
5413,186
5414,249
5415,164
5416,22
5417,38
5418,186
5419,249
5420,164
5421,22
5422,38
5423,184
5424,250
5425,164
5426,22
5427,38
5428,184
5429,250
5430,164
5431,22
5432,38
5433,184
5434,250
5435,164
5436,22
5437,34
5438,182
5439,249
5440,166
5441,25
5442,34
5443,181
5444,249
5445,169
5446,25
5447,33
5448,182
5449,249
5450,170
5451,22
5452,34
5453,177
5454,250
5455,164
5456,25
5457,32
5458,181
5459,249
5460,170
5461,25
5462,33
5463,179
5464,249
5465,172
5466,27
5467,30
5468,179
5469,249
5470,172
5471,27
5472,30
5473,178
5474,249
5475,173
5476,27
5477,30
5478,178
5479,249
5480,174
5481,28
5482,31
5483,177
5484,250
5485,170
5486,25
5487,30
5488,175
5489,250
5490,170
5491,27
5492,27
5493,174
5494,250
5495,171
5496,27
5497,28
5498,174
5499,250
5500,172
5501,30
5502,30
5503,174
5504,250
5505,172
5506,30
5507,30
5508,174
5509,250
5510,174
5511,31
5512,30
5513,174
5514,250
5515,174
5516,31
5517,28
5518,172
5519,250
5520,174
5521,31
5522,28
5523,172
5524,250
5525,174
5526,32
5527,27
5528,169
5529,249
5530,178
5531,30
5532,27
5533,169
5534,250
5535,175
5536,33
5537,27
5538,164
5539,250
5540,177
5541,33
5542,27
5543,164
5544,250
5545,178
5546,30
5547,25
5548,166
5549,250
5550,178
5551,31
5552,25
5553,164
5554,250
5555,178
5556,31
5557,25
5558,164
5559,250
5560,179
5561,31
5562,25
5563,164
5564,250
5565,179
5566,32
5567,25
5568,164
5569,250
5570,181
5571,34
5572,22
5573,164
5574,250
5575,182
5576,32
5577,22
5578,164
5579,250
5580,182
5581,32
5582,22
5583,164
5584,250
5585,182
5586,34
5587,22
5588,164
5589,249
5590,186
5591,34
5592,21
5593,164
5594,249
5595,186
5596,38
5597,22
5598,164
5599,249
5600,188
5601,38
5602,22
5603,162
5604,249
5605,188
5606,38
5607,22
5608,161
5609,250
5610,186
5611,38
5612,22
5613,160
5614,250
5615,186
5616,38
5617,22
5618,159
5619,250
5620,186
5621,38
5622,21
5623,158
5624,249
5625,188
5626,41
5627,20
5628,158
5629,249
5630,188
5631,41
5632,20
5633,158
5634,249
5635,188
5636,44
5637,19
5638,154
5639,248
5640,191
5641,44
5642,19
5643,154
5644,249
5645,193
5646,44
5647,19
5648,152
5649,249
5650,189
5651,44
5652,19
5653,151
5654,249
5655,191
5656,44
5657,19
5658,151
5659,249
5660,193
5661,44
5662,19
5663,149
5664,249
5665,195
5666,41
5667,19
5668,148
5669,249
5670,195
5671,41
5672,19
5673,148
5674,249
5675,196
5676,46
5677,19
5678,148
5679,249
5680,196
5681,47
5682,19
5683,147
5684,245
5685,197
5686,47
5687,17
5688,148
5689,249
5690,197
5691,48
5692,17
5693,148
5694,249
5695,197
5696,49
5697,17
5698,147
5699,245
5700,197
5701,49
5702,17
5703,147
5704,245
5705,199
5706,50
5707,15
5708,148
5709,249
5710,199
5711,50
5712,15
5713,147
5714,245
5715,201
5716,52
5717,15
5718,147
5719,245
5720,201
5721,52
5722,15
5723,147
5724,245
5725,201
5726,50
5727,15
5728,145
5729,247
5730,201
5731,50
5732,15
5733,145
5734,249
5735,201
5736,52
5737,15
5738,144
5739,249
5740,201
5741,52
5742,15
5743,142
5744,248
5745,203
5746,52
5747,15
5748,142
5749,248
5750,203
5751,53
5752,15
5753,142
5754,248
5755,203
5756,53
5757,15
5758,142
5759,248
5760,203
5761,53
5762,15
5763,141
5764,247
5765,203
5766,54
5767,13
5768,140
5769,247
5770,205
5771,56
5772,15
5773,140
5774,245
5775,205
5776,58
5777,12
5778,139
5779,244
5780,205
5781,58
5782,12
5783,138
5784,245
5785,207
5786,59
5787,12
5788,138
5789,245
5790,207
5791,59
5792,12
5793,137
5794,245
5795,209
5796,60
5797,12
5798,136
5799,245
5800,209
5801,60
5802,12
5803,133
5804,245
5805,209
5806,59
5807,12
5808,133
5809,245
5810,209
5811,60
5812,12
5813,133
5814,245
5815,209
5816,60
5817,12
5818,133
5819,245
5820,209
5821,60
5822,12
5823,130
5824,241
5825,209
5826,63
5827,12
5828,130
5829,241
5830,209
5831,61
5832,12
5833,128
5834,242
5835,209
5836,63
5837,12
5838,128
5839,245
5840,212
5841,63
5842,12
5843,128
5844,245
5845,212
5846,63
5847,12
5848,127
5849,244
5850,212
5851,65
5852,12
5853,125
5854,244
5855,214
5856,65
5857,12
5858,125
5859,244
5860,215
5861,68
5862,11
5863,123
5864,241
5865,212
5866,65
5867,11
5868,123
5869,241
5870,215
5871,68
5872,11
5873,121
5874,241
5875,214
5876,68
5877,11
5878,121
5879,241
5880,215
5881,70
5882,11
5883,121
5884,242
5885,212
5886,68
5887,11
5888,121
5889,242
5890,212
5891,69
5892,11
5893,120
5894,242
5895,214
5896,70
5897,11
5898,119
5899,241
5900,215
5901,72
5902,11
5903,117
5904,241
5905,215
5906,72
5907,11
5908,115
5909,241
5910,218
5911,70
5912,11
5913,115
5914,241
5915,219
5916,70
5917,10
5918,115
5919,240
5920,219
5921,70
5922,8
5923,115
5924,240
5925,219
5926,73
5927,8
5928,115
5929,240
5930,220
5931,76
5932,8
5933,117
5934,241
5935,220
5936,77
5937,8
5938,115
5939,240
5940,222
5941,77
5942,8
5943,115
5944,240
5945,222
5946,79
5947,8
5948,115
5949,240
5950,222
5951,79
5952,8
5953,115
5954,224
5955,222
5956,79
5957,8
5958,114
5959,237
5960,222
5961,79
5962,8
5963,114
5964,236
5965,222
5966,81
5967,8
5968,114
5969,237
5970,222
5971,81
5972,8
5973,113
5974,240
5975,223
5976,81
5977,8
5978,112
5979,240
5980,223
5981,82
5982,8
5983,112
5984,224
5985,223
5986,82
5987,8
5988,109
5989,237
5990,224
5991,82
5992,8
5993,109
5994,237
5995,224
5996,82
5997,8
5998,109
5999,237
6000,224
6001,82
6002,8
6003,107
6004,235
6005,222
6006,85
6007,8
6008,107
6009,235
6010,222
6011,85
6012,8
6013,107
6014,235
6015,222
6016,86
6017,8
6018,107
6019,233
6020,226
6021,82
6022,8
6023,105
6024,234
6025,223
6026,89
6027,8
6028,105
6029,233
6030,224
6031,86
6032,8
6033,105
6034,233
6035,226
6036,85
6037,8
6038,104
6039,235
6040,224
6041,89
6042,8
6043,102
6044,235
6045,224
6046,89
6047,8
6048,102
6049,234
6050,224
6051,89
6052,8
6053,102
6054,234
6055,224
6056,89
6057,8
6058,101
6059,233
6060,227
6061,89
6062,7
6063,101
6064,233
6065,227
6066,89
6067,8
6068,101
6069,233
6070,230
6071,93
6072,7
6073,101
6074,233
6075,230
6076,93
6077,8
6078,98
6079,229
6080,229
6081,93
6082,8
6083,98
6084,228
6085,230
6086,96
6087,7
6088,98
6089,230
6090,224
6091,96
6092,7
6093,98
6094,230
6095,233
6096,98
6097,7
6098,96
6099,230
6100,233
6101,98
6102,7
6103,96
6104,230
6105,233
6106,98
6107,8
6108,64
6109,230
6110,233
6111,98
6112,8
6113,93
6114,230
6115,233
6116,101
6117,8
6118,93
6119,230
6120,233
6121,98
6122,8
6123,93
6124,230
6125,234
6126,98
6127,7
6128,93
6129,227
6130,230
6131,101
6132,7
6133,92
6134,227
6135,230
6136,102
6137,7
6138,91
6139,224
6140,233
6141,102
6142,7
6143,90
6144,226
6145,224
6146,102
6147,8
6148,89
6149,227
6150,224
6151,104
6152,8
6153,89
6154,227
6155,233
6156,105
6157,8
6158,89
6159,227
6160,233
6161,105
6162,8
6163,89
6164,227
6165,233
6166,105
6167,8
6168,86
6169,226
6170,233
6171,107
6172,8
6173,86
6174,226
6175,233
6176,105
6177,8
6178,85
6179,224
6180,235
6181,104
6182,8
6183,85
6184,224
6185,236
6186,107
6187,8
6188,84
6189,224
6190,237
6191,109
6192,8
6193,83
6194,222
6195,237
6196,109
6197,8
6198,82
6199,222
6200,240
6201,109
6202,8
6203,82
6204,220
6205,240
6206,112
6207,8
6208,82
6209,222
6210,240
6211,112
6212,8
6213,81
6214,222
6215,240
6216,113
6217,8
6218,81
6219,222
6220,240
6221,114
6222,8
6223,81
6224,222
6225,240
6226,114
6227,8
6228,79
6229,222
6230,240
6231,114
6232,8
6233,79
6234,222
6235,241
6236,115
6237,8
6238,79
6239,222
6240,241
6241,115
6242,8
6243,79
6244,222
6245,241
6246,115
6247,8
6248,77
6249,222
6250,241
6251,115
6252,8
6253,77
6254,220
6255,241
6256,115
6257,8
6258,76
6259,220
6260,241
6261,115
6262,8
6263,74
6264,217
6265,241
6266,115
6267,8
6268,74
6269,215
6270,241
6271,117
6272,8
6273,73
6274,219
6275,241
6276,121
6277,8
6278,73
6279,218
6280,241
6281,120
6282,8
6283,70
6284,217
6285,241
6286,121
6287,8
6288,70
6289,217
6290,242
6291,119
6292,8
6293,70
6294,215
6295,242
6296,120
6297,11
6298,68
6299,215
6300,242
6301,121
6302,11
6303,64
6304,215
6305,242
6306,121
6307,11
6308,65
6309,214
6310,241
6311,123
6312,11
6313,65
6314,215
6315,243
6316,125
6317,11
6318,65
6319,215
6320,243
6321,125
6322,11
6323,65
6324,215
6325,244
6326,127
6327,11
6328,63
6329,215
6330,244
6331,128
6332,11
6333,63
6334,214
6335,242
6336,125
6337,11
6338,63
6339,212
6340,242
6341,125
6342,11
6343,61
6344,212
6345,242
6346,125
6347,12
6348,63
6349,212
6350,242
6351,127
6352,12
6353,63
6354,212
6355,243
6356,130
6357,11
6358,60
6359,209
6360,244
6361,133
6362,12
6363,61
6364,208
6365,244
6366,133
6367,12
6368,60
6369,209
6370,244
6371,133
6372,12
6373,60
6374,209
6375,244
6376,133
6377,12
6378,60
6379,207
6380,245
6381,133
6382,12
6383,61
6384,209
6385,245
6386,136
6387,12
6388,60
6389,209
6390,245
6391,137
6392,12
6393,60
6394,205
6395,245
6396,138
6397,12
6398,59
6399,203
6400,245
6401,138
6402,12
6403,59
6404,203
6405,245
6406,139
6407,12
6408,59
6409,201
6410,245
6411,139
6412,12
6413,58
6414,201
6415,245
6416,140
6417,13
6418,58
6419,203
6420,245
6421,141
6422,13
6423,56
6424,203
6425,245
6426,142
6427,13
6428,54
6429,203
6430,245
6431,142
6432,15
6433,54
6434,203
6435,245
6436,142
6437,15
6438,54
6439,203
6440,245
6441,142
6442,15
6443,54
6444,203
6445,245
6446,143
6447,15
6448,54
6449,201
6450,247
6451,145
6452,15
6453,53
6454,201
6455,247
6456,145
6457,15
6458,53
6459,201
6460,247
6461,147
6462,15
6463,52
6464,201
6465,247
6466,147
6467,15
6468,52
6469,201
6470,249
6471,147
6472,15
6473,52
6474,201
6475,249
6476,148
6477,15
6478,50
6479,195
6480,245
6481,148
6482,17
6483,50
6484,195
6485,245
6486,148
6487,17
6488,49
6489,196
6490,249
6491,150
6492,17
6493,49
6494,197
6495,249
6496,151
6497,17
6498,46
6499,197
6500,249
6501,151
6502,17
6503,46
6504,196
6505,249
6506,153
6507,17
6508,46
6509,196
6510,249
6511,154
6512,17
6513,46
6514,196
6515,249
6516,154
6517,17
6518,46
6519,195
6520,247
6521,154
6522,17
6523,46
6524,195
6525,249
6526,154
6527,17
6528,46
6529,193
6530,249
6531,154
6532,17
6533,46
6534,193
6535,249
6536,154
6537,17
6538,44
6539,189
6540,249
6541,154
6542,17
6543,41
6544,193
6545,249
6546,154
6547,17
6548,41
6549,191
6550,249
6551,155
6552,17
6553,41
6554,189
6555,249
6556,156
6557,20
6558,39
6559,189
6560,249
6561,158
6562,20
6563,39
6564,188
6565,249
6566,158
6567,20
6568,38
6569,188
6570,249
6571,158
6572,20
6573,41
6574,188
6575,249
6576,159
6577,21
6578,39
6579,188
6580,249
6581,160
6582,22
6583,39
6584,188
6585,250
6586,158
6587,22
6588,38
6589,186
6590,249
6591,164
6592,20
6593,38
6594,186
6595,249
6596,164
6597,21
6598,38
6599,186
6600,249
6601,164
6602,22
6603,38
6604,186
6605,249
6606,164
6607,22
6608,38
6609,186
6610,249
6611,164
6612,22
6613,38
6614,184
6615,250
6616,164
6617,22
6618,38
6619,184
6620,250
6621,164
6622,22
6623,38
6624,184
6625,250
6626,164
6627,22
6628,34
6629,182
6630,249
6631,166
6632,25
6633,33
6634,182
6635,249
6636,166
6637,25
6638,33
6639,182
6640,249
6641,170
6642,22
6643,34
6644,177
6645,250
6646,164
6647,25
6648,32
6649,181
6650,249
6651,170
6652,25
6653,34
6654,178
6655,249
6656,172
6657,27
6658,30
6659,179
6660,249
6661,172
6662,27
6663,30
6664,178
6665,249
6666,173
6667,27
6668,30
6669,178
6670,249
6671,174
6672,28
6673,31
6674,177
6675,249
6676,172
6677,28
6678,31
6679,177
6680,250
6681,170
6682,27
6683,27
6684,174
6685,250
6686,171
6687,27
6688,28
6689,174
6690,250
6691,172
6692,30
6693,30
6694,174
6695,250
6696,172
6697,30
6698,30
6699,174
6700,250
6701,173
6702,31
6703,30
6704,174
6705,250
6706,174
6707,31
6708,30
6709,173
6710,250
6711,174
6712,31
6713,28
6714,172
6715,250
6716,174
6717,31
6718,28
6719,171
6720,249
6721,179
6722,28
6723,27
6724,169
6725,250
6726,175
6727,33
6728,27
6729,166
6730,250
6731,177
6732,33
6733,27
6734,164
6735,250
6736,177
6737,34
6738,25
6739,169
6740,250
6741,178
6742,31
6743,25
6744,166
6745,250
6746,178
6747,31
6748,25
6749,164
6750,250
6751,179
6752,31
6753,25
6754,164
6755,250
6756,179
6757,32
6758,25
6759,164
6760,250
6761,181
6762,34
6763,22
6764,164
6765,250
6766,182
6767,34
6768,21
6769,164
6770,250
6771,182
6772,32
6773,22
6774,164
6775,250
6776,182
6777,34
6778,22
6779,164
6780,249
6781,186
6782,38
6783,22
6784,164
6785,249
6786,186
6787,38
6788,22
6789,164
6790,249
6791,188
6792,38
6793,22
6794,162
6795,249
6796,188
6797,38
6798,22
6799,162
6800,249
6801,188
6802,39
6803,22
6804,160
6805,250
6806,186
6807,38
6808,22
6809,159
6810,250
6811,186
6812,38
6813,21
6814,158
6815,249
6816,188
6817,41
6818,20
6819,158
6820,249
6821,188
6822,41
6823,20
6824,158
6825,249
6826,188
6827,44
6828,19
6829,154
6830,248
6831,191
6832,44
6833,19
6834,154
6835,249
6836,193
6837,44
6838,19
6839,153
6840,249
6841,189
6842,44
6843,19
6844,151
6845,249
6846,191
6847,44
6848,19
6849,151
6850,249
6851,193
6852,44
6853,19
6854,149
6855,249
6856,195
6857,44
6858,17
6859,151
6860,249
6861,195
6862,41
6863,19
6864,148
6865,249
6866,195
6867,44
6868,17
6869,150
6870,249
6871,196
6872,46
6873,19
6874,147
6875,245
6876,196
6877,47
6878,17
6879,148
6880,249
6881,197
6882,48
6883,17
6884,148
6885,249
6886,197
6887,49
6888,17
6889,147
6890,245
6891,197
6892,49
6893,17
6894,147
6895,245
6896,199
6897,49
6898,17
6899,148
6900,249
6901,199
6902,50
6903,15
6904,147
6905,245
6906,201
6907,52
6908,15
6909,147
6910,245
6911,201
6912,52
6913,17
6914,147
6915,245
6916,201
6917,50
6918,15
6919,145
6920,247
6921,201
6922,50
6923,15
6924,145
6925,249
6926,201
6927,52
6928,15
6929,144
6930,249
6931,201
6932,52
6933,15
6934,142
6935,248
6936,203
6937,52
6938,15
6939,142
6940,248
6941,203
6942,52
6943,15
6944,142
6945,248
6946,203
6947,53
6948,15
6949,142
6950,248
6951,203
6952,53
6953,15
6954,141
6955,247
6956,203
6957,54
6958,13
6959,141
6960,247
6961,205
6962,56
6963,13
6964,140
6965,247
6966,205
6967,58
6968,13
6969,139
6970,245
6971,205
6972,58
6973,12
6974,138
6975,245
6976,207
6977,59
6978,12
6979,138
6980,245
6981,207
6982,59
6983,12
6984,138
6985,245
6986,208
6987,60
6988,12
6989,136
6990,245
6991,209
6992,60
6993,12
6994,133
6995,245
6996,209
6997,59
6998,12
6999,133
7000,245
7001,209
7002,59
7003,12
7004,133
7005,245
7006,209
7007,60
7008,12
7009,130
7010,242
7011,205
7012,63
7013,12
7014,133
7015,245
7016,208
7017,61
7018,12
7019,130
7020,241
7021,209
7022,61
7023,12
7024,128
7025,242
7026,209
7027,63
7028,12
7029,128
7030,245
7031,212
7032,63
7033,12
7034,128
7035,245
7036,212
7037,63
7038,12
7039,127
7040,245
7041,212
7042,65
7043,12
7044,127
7045,244
7046,214
7047,65
7048,12
7049,125
7050,243
7051,212
7052,65
7053,11
7054,123
7055,241
7056,212
7057,65
7058,11
7059,123
7060,241
7061,215
7062,68
7063,11
7064,123
7065,241
7066,215
7067,69
7068,11
7069,121
7070,241
7071,215
7072,70
7073,11
7074,121
7075,242
7076,212
7077,68
7078,11
7079,121
7080,242
7081,212
7082,69
7083,11
7084,120
7085,242
7086,214
7087,70
7088,11
7089,119
7090,241
7091,215
7092,72
7093,11
7094,117
7095,241
7096,215
7097,72
7098,10
7099,115
7100,241
7101,218
7102,70
7103,8
7104,119
7105,241
7106,215
7107,73
7108,11
7109,115
7110,240
7111,219
7112,70
7113,8
7114,115
7115,240
7116,219
7117,73
7118,8
7119,115
7120,240
7121,219
7122,73
7123,8
7124,117
7125,241
7126,220
7127,77
7128,8
7129,115
7130,240
7131,222
7132,77
7133,8
7134,115
7135,240
7136,222
7137,78
7138,8
7139,115
7140,240
7141,222
7142,79
7143,8
7144,115
7145,240
7146,222
7147,79
7148,8
7149,115
7150,237
7151,222
7152,79
7153,8
7154,114
7155,236
7156,222
7157,81
7158,8
7159,114
7160,237
7161,222
7162,81
7163,8
7164,113
7165,240
7166,223
7167,81
7168,8
7169,113
7170,240
7171,223
7172,82
7173,8
7174,112
7175,240
7176,223
7177,82
7178,8
7179,111
7180,237
7181,223
7182,82
7183,8
7184,109
7185,237
7186,224
7187,82
7188,8
7189,109
7190,237
7191,224
7192,82
7193,8
7194,109
7195,237
7196,224
7197,82
7198,8
7199,107
7200,235
7201,222
7202,85
7203,8
7204,107
7205,235
7206,222
7207,86
7208,8
7209,107
7210,233
7211,226
7212,82
7213,8
7214,105
7215,234
7216,223
7217,88
7218,8
7219,105
7220,234
7221,223
7222,89
7223,8
7224,105
7225,233
7226,226
7227,85
7228,8
7229,105
7230,233
7231,227
7232,85
7233,8
7234,102
7235,235
7236,224
7237,89
7238,8
7239,102
7240,234
7241,224
7242,89
7243,8
7244,102
7245,234
7246,224
7247,89
7248,8
7249,101
7250,233
7251,227
7252,89
7253,7
7254,101
7255,233
7256,227
7257,89
7258,8
7259,101
7260,233
7261,230
7262,93
7263,7
7264,101
7265,233
7266,230
7267,93
7268,8
7269,98
7270,229
7271,230
7272,64
7273,7
7274,98
7275,229
7276,229
7277,64
7278,7
7279,98
7280,230
7281,230
7282,96
7283,7
7284,98
7285,230
7286,224
7287,98
7288,7
7289,98
7290,230
7291,233
7292,98
7293,7
7294,96
7295,230
7296,233
7297,98
7298,8
7299,64
7300,230
7301,233
7302,98
7303,8
7304,93
7305,230
7306,233
7307,98
7308,8
7309,93
7310,230
7311,233
7312,98
7313,8
7314,93
7315,230
7316,233
7317,98
7318,8
7319,92
7320,227
7321,230
7322,101
7323,7
7324,92
7325,227
7326,230
7327,102
7328,7
7329,91
7330,224
7331,233
7332,102
7333,7
7334,90
7335,226
7336,224
7337,102
7338,7
7339,89
7340,227
7341,224
7342,104
7343,8
7344,89
7345,227
7346,233
7347,105
7348,8
7349,89
7350,227
7351,233
7352,105
7353,8
7354,89
7355,227
7356,233
7357,105
7358,8
7359,88
7360,226
7361,233
7362,107
7363,8
7364,86
7365,226
7366,233
7367,105
7368,8
7369,85
7370,224
7371,235
7372,104
7373,8
7374,85
7375,224
7376,235
7377,105
7378,8
7379,84
7380,224
7381,236
7382,109
7383,8
7384,83
7385,222
7386,237
7387,109
7388,8
7389,82
7390,222
7391,240
7392,109
7393,8
7394,82
7395,220
7396,240
7397,111
7398,8
7399,82
7400,222
7401,240
7402,112
7403,8
7404,81
7405,222
7406,240
7407,113
7408,8
7409,81
7410,222
7411,240
7412,113
7413,8
7414,81
7415,222
7416,240
7417,114
7418,8
7419,79
7420,222
7421,240
7422,114
7423,8
7424,79
7425,222
7426,241
7427,115
7428,8
7429,79
7430,222
7431,241
7432,115
7433,8
7434,79
7435,222
7436,241
7437,115
7438,8
7439,77
7440,220
7441,241
7442,115
7443,8
7444,77
7445,220
7446,241
7447,115
7448,8
7449,77
7450,220
7451,241
7452,115
7453,8
7454,76
7455,219
7456,240
7457,119
7458,8
7459,74
7460,215
7461,241
7462,117
7463,8
7464,73
7465,219
7466,241
7467,121
7468,8
7469,70
7470,218
7471,241
7472,121
7473,8
7474,70
7475,217
7476,241
7477,121
7478,8
7479,70
7480,217
7481,241
7482,121
7483,8
7484,70
7485,215
7486,242
7487,120
7488,11
7489,68
7490,215
7491,242
7492,121
7493,11
7494,64
7495,215
7496,242
7497,121
7498,11
7499,65
7500,215
7501,242
7502,123
7503,11
7504,65
7505,215
7506,242
7507,125
7508,11
7509,65
7510,215
7511,244
7512,125
7513,11
7514,65
7515,215
7516,244
7517,127
7518,11
7519,63
7520,215
7521,244
7522,127
7523,11
7524,63
7525,214
7526,242
7527,125
7528,11
7529,63
7530,212
7531,242
7532,125
7533,12
7534,63
7535,212
7536,242
7537,125
7538,12
7539,63
7540,212
7541,242
7542,128
7543,12
7544,63
7545,212
7546,242
7547,130
7548,11
7549,60
7550,212
7551,244
7552,133
7553,12
7554,61
7555,208
7556,244
7557,133
7558,12
7559,61
7560,209
7561,244
7562,133
7563,12
7564,60
7565,209
7566,245
7567,133
7568,12
7569,60
7570,207
7571,245
7572,133
7573,12
7574,61
7575,209
7576,245
7577,134
7578,12
7579,60
7580,209
7581,245
7582,137
7583,12
7584,60
7585,205
7586,245
7587,138
7588,12
7589,60
7590,205
7591,245
7592,138
7593,12
7594,59
7595,203
7596,245
7597,139
7598,12
7599,59
7600,201
7601,245
7602,139
7603,12
7604,58
7605,201
7606,245
7607,140
7608,13
7609,58
7610,201
7611,245
7612,141
7613,13
7614,56
7615,203
7616,245
7617,141
7618,13
7619,56
7620,203
7621,245
7622,142
7623,13
7624,54
7625,203
7626,245
7627,142
7628,15
7629,54
7630,203
7631,245
7632,142
7633,15
7634,54
7635,203
7636,245
7637,143
7638,15
7639,54
7640,201
7641,247
7642,145
7643,15
7644,53
7645,201
7646,247
7647,145
7648,15
7649,53
7650,201
7651,247
7652,147
7653,13
7654,52
7655,201
7656,247
7657,147
7658,15
7659,52
7660,201
7661,249
7662,147
7663,15
7664,52
7665,201
7666,249
7667,148
7668,15
7669,52
7670,197
7671,249
7672,148
7673,17
7674,50
7675,195
7676,245
7677,148
7678,17
7679,49
7680,196
7681,249
7682,149
7683,17
7684,49
7685,197
7686,249
7687,151
7688,17
7689,46
7690,197
7691,249
7692,151
7693,17
7694,46
7695,196
7696,249
7697,152
7698,17
7699,46
7700,196
7701,249
7702,154
7703,17
7704,47
7705,196
7706,249
7707,154
7708,17
7709,46
7710,195
7711,247
7712,154
7713,17
7714,46
7715,195
7716,249
7717,154
7718,17
7719,46
7720,193
7721,249
7722,154
7723,17
7724,46
7725,193
7726,249
7727,154
7728,17
7729,44
7730,189
7731,249
7732,154
7733,17
7734,44
7735,189
7736,249
7737,154
7738,17
7739,41
7740,191
7741,249
7742,155
7743,17
7744,41
7745,189
7746,249
7747,156
7748,19
7749,38
7750,189
7751,249
7752,157
7753,20
7754,39
7755,188
7756,250
7757,155
7758,19
7759,38
7760,188
7761,249
7762,158
7763,20
7764,41
7765,188
7766,250
7767,157
7768,21
7769,39
7770,188
7771,249
7772,160
7773,21
7774,39
7775,188
7776,249
7777,160
7778,22
7779,38
7780,188
7781,249
7782,164
7783,21
7784,38
7785,186
7786,249
7787,164
7788,21
7789,38
7790,186
7791,249
7792,164
7793,22
7794,38
7795,186
7796,249
7797,164
7798,22
7799,38
7800,186
7801,249
7802,164
7803,22
7804,38
7805,185
7806,250
7807,164
7808,22
7809,38
7810,184
7811,250
7812,164
7813,22
7814,38
7815,184
7816,250
7817,164
7818,22
7819,34
7820,182
7821,249
7822,168
7823,25
7824,34
7825,181
7826,249
7827,169
7828,25
7829,33
7830,182
7831,249
7832,170
7833,22
7834,34
7835,177
7836,250
7837,164
7838,25
7839,32
7840,182
7841,249
7842,169
7843,25
7844,32
7845,179
7846,249
7847,171
7848,25
7849,31
7850,179
7851,249
7852,172
7853,27
7854,30
7855,178
7856,249
7857,172
7858,27
7859,30
7860,178
7861,249
7862,174
7863,28
7864,31
7865,177
7866,249
7867,172
7868,28
7869,31
7870,177
7871,250
7872,170
7873,27
7874,27
7875,174
7876,250
7877,171
7878,27
7879,28
7880,174
7881,250
7882,172
7883,30
7884,30
7885,174
7886,250
7887,172
7888,30
7889,30
7890,174
7891,250
7892,173
7893,30
7894,30
7895,174
7896,250
7897,174
7898,31
7899,28
7900,173
7901,250
7902,174
7903,31
7904,28
7905,172
7906,250
7907,174
7908,31
7909,28
7910,172
7911,250
7912,174
7913,33
7914,27
7915,169
7916,250
7917,175
7918,33
7919,27
7920,166
7921,250
7922,177
7923,33
7924,27
7925,164
7926,250
7927,177
7928,34
7929,25
7930,169
7931,250
7932,178
7933,30
7934,25
7935,166
7936,250
7937,178
7938,31
7939,25
7940,164
7941,250
7942,179
7943,31
7944,25
7945,164
7946,250
7947,179
7948,32
7949,25
7950,164
7951,250
7952,181
7953,34
7954,22
7955,164
7956,250
7957,182
7958,34
7959,21
7960,164
7961,250
7962,182
7963,32
7964,22
7965,164
7966,250
7967,182
7968,32
7969,22
7970,164
7971,249
7972,186
7973,34
7974,22
7975,164
7976,249
7977,186
7978,38
7979,22
7980,164
7981,249
7982,186
7983,32
7984,21
7985,162
7986,249
7987,188
7988,38
7989,22
7990,162
7991,249
7992,188
7993,39
7994,22
7995,160
7996,250
7997,186
7998,38
7999,22
8000,160
8001,250
8002,186
8003,38
8004,21
8005,158
8006,250
8007,186
8008,38
8009,21
8010,158
8011,249
8012,188
8013,41
8014,20
8015,158
8016,249
8017,188
8018,44
8019,20
8020,154
8021,248
8022,191
8023,44
8024,19
8025,154
8026,249
8027,193
8028,44
8029,19
8030,153
8031,249
8032,189
8033,44
8034,19
8035,151
8036,249
8037,191
8038,44
8039,19
8040,151
8041,249
8042,191
8043,44
8044,19
8045,149
8046,249
8047,195
8048,44
8049,19
8050,148
8051,249
8052,195
8053,41
8054,19
8055,148
8056,249
8057,195
8058,44
8059,19
8060,148
8061,249
8062,196
8063,46
8064,19
8065,147
8066,245
8067,196
8068,47
8069,19
8070,147
8071,245
8072,197
8073,48
8074,17
8075,148
8076,249
8077,197
8078,49
8079,17
8080,147
8081,245
8082,197
8083,49
8084,17
8085,147
8086,245
8087,199
8088,49
8089,17
8090,148
8091,249
8092,199
8093,50
8094,15
8095,147
8096,247
8097,201
8098,50
8099,15
8100,147
8101,245
8102,201
8103,52
8104,17
8105,147
8106,245
8107,201
8108,52
8109,15
8110,147
8111,245
8112,201
8113,50
8114,15
8115,145
8116,249
8117,201
8118,52
8119,15
8120,144
8121,248
8122,201
8123,52
8124,15
8125,142
8126,248
8127,203
8128,50
8129,13
8130,142
8131,248
8132,203
8133,53
8134,15
8135,142
8136,248
8137,203
8138,53
8139,15
8140,142
8141,248
8142,203
8143,53
8144,15
8145,142
8146,247
8147,203
8148,54
8149,15
8150,141
8151,247
8152,205
8153,56
8154,15
8155,140
8156,247
8157,205
8158,58
8159,13
8160,139
8161,245
8162,205
8163,58
8164,12
8165,138
8166,245
8167,206
8168,59
8169,12
8170,138
8171,245
8172,207
8173,59
8174,12
8175,138
8176,245
8177,208
8178,59
8179,12
8180,133
8181,245
8182,209
8183,60
8184,12
8185,134
8186,245
8187,209
8188,60
8189,12
8190,133
8191,245
